Unnamed: 0,image_link,group_id,entity_name,entity_value,tags,text,extracted_value
20,https://m.media-amazon.com/images/I/31EvJszFVfL.jpg,731432,item_weight,200 gram,31EvJszFVfL,"Glucon-0 
9.4in 
23cm 
",
70,https://m.media-amazon.com/images/I/413FQB0ZMLL.jpg,308856,item_weight,2 kilogram,413FQB0ZMLL,"2kg  
REE  
CANINE  
CREEK  
""LIFE PRESERVATION FORMULA""  
PROTEIN ""SINGLE GRAIN"" 
%0 ""SINGLE GRAIN"" 
""ALL BREED ALLAGE FORMULA""  
""BREEDER PACK""  
",2 kg
71,https://m.media-amazon.com/images/I/41EjbFu-+yL.jpg,308856,item_weight,10 kilogram,41EjbFu-+yL,"CREEK 
Club 
13891 
lu 
USA 
ATED 
",
46,https://m.media-amazon.com/images/I/41wvffSxB4L.jpg,299791,item_weight,15.5 gram,41wvffSxB4L," 50cm 
EST  
ANDS  
3.5cm  
",
26,https://m.media-amazon.com/images/I/51WsuKKAVrL.jpg,866516,item_weight,158.0 gram,51WsuKKAVrL,"""Product Size"" 15926CM
Qty./Ctn. 96PCS
""Carton Size"" 52x42x40CM
Material ""Polyester material""
Craftsmanship Manual
Colour BrownYellow
GreyOrange 
""Product Weight"" 158g
",158 g
88,https://m.media-amazon.com/images/I/51b9JEHOriL.jpg,630869,item_weight,6.5 gram,51b9JEHOriL,"Length:19cm+5cm
",
35,https://m.media-amazon.com/images/I/51bQPPtMqYL.jpg,881883,item_weight,26.0 gram,51bQPPtMqYL,"""Placethe curtain between the""
""counterweight and the magnet""
4cm/1.6in
Weight:26g
Load-bearing
metalblock
",26 g
85,https://m.media-amazon.com/images/I/51xfRlxWIXL.jpg,639090,item_weight,100.0 gram,51xfRlxWIXL,"Energie ""520kJ124 kcal)""
Fett 5,0g
""davon gesattigte Fettsauren"" 3,3g
Kohlenhydrate 14,0g
EiweiB 2,7g
zaes 0,10g
",5.0 t
63,https://m.media-amazon.com/images/I/61-oj+N+BxL.jpg,459516,item_volume,30.0 millilitre,61-oj+N+BxL,"""Tendis forestenaa"" ""Dendrobium &Mullein"" ""Dendrobium &Mullein""  
""Extract Herbal Drop""  ""Extract Herbal Drop""  
STORAGE ""Powerful Lung Support"" Cleanse.  
""Se noloy pace way""  Respiratory  
""frmsunigtKeep otof""    
""eact ofcnidten""    
Manufac.uier    
""Shantou Cres-coder""    
""Premium Prooucts""    
""E-comerce CoLid""    
Adthess    
Rocm5.Buling.Buiding    
""Rced Sharicu.""    
""Seff ie ers""    
Net.30ml    
   ""ict Herbal Drop"" 
   ""rful Lung Support"" 
   ase 
Enhance C Balance iratory 
""breathing function"" C ""mucus levels""  
 MAX Maximum  
""Cleans &"" MAX potency  
   Clpanways 
30ml/1fl.oz 30ml/1fl.oz 30ml/1fl.oz  
   ""VEGANGMO FREEISO"" 
    
",30 ml
3,https://m.media-amazon.com/images/I/612mrlqiI4L.jpg,459516,item_weight,0.709 gram,612mrlqiI4L,"   1515151115 1515151115 1515151115 1515151115 bw  Qty./Serving   600  6600 ""WarningConsult your physician before using this product if you are pregnantnursing.taking any medication or having""  
                 
COMPOSITION ngredient ""PHOSPHOcomplexSilybin (Silybum marianum)"" ""Dandelion (Taraxacum officinale) leaf extract- 101"" ""Kutki (Picrorhiza kurroa rhizome extract-0.5% Bitters"" ""Kasani Cichorium endivia seed extract-1% Bitters"" ""Bhui amla (Phyllanthus amarus) WP extract-0.5% Bitters"" ""Amla (Phyllanthus emblica) fruit extract-10%Tannins"" ""Piper nigrum fruit extract-95% Piperine"" ECHEDN Nutrients Enrey Carbohydrate (sugging) Protein ""WarningConsult your physician before using this product if you are pregnantnursing.taking any medication or having"" ""a medical condition."" 
",600 g
87,https://m.media-amazon.com/images/I/612xIhPMHqL.jpg,630869,item_weight,3.2 gram,612xIhPMHqL,"0.8MM  
""0.12 INCH""  
3MM  
""1.60 INCH""  
(40.7MM)  
""Net Weight:3.2G""  
""Forever In My Hean""  
""925 SterlingSilver"" Customizable ""6.3+2 INCH Extend Chain""
 (160mm+50MM) 
""Manual measurement, the size may be slightly different from the physical."" ""Manual measurement, the size may be slightly different from the physical."" ""Manual measurement, the size may be slightly different from the physical.""
",3.2 G
53,https://m.media-amazon.com/images/I/613BeFNwHcL.jpg,523149,item_weight,7.0 gram,613BeFNwHcL,,
43,https://m.media-amazon.com/images/I/613G8GOyLSL.jpg,752266,wattage,150.0 watt,613G8GOyLSL,"150W IP65   
305mm/12.00in   32mm/1.25in 
Ground Wall  Ceiling 
",150 W
29,https://m.media-amazon.com/images/I/613v+2W4UwL.jpg,524635,item_weight,18.55 gram,613v+2W4UwL,"Carvomin R
Verdauungstropfen 
""18,55 g/20 ml"" 
""Flussigkeit zum Einnehmen"" 
Wirkstoff: 
""Auszug aus einer Mischung"" 
""von Angelikawurzeln,"" 
""Benediktenkraut und"" 
Pfefferminzblattern 
KLONGE 
PHARMA 
",18.55 g
4,https://m.media-amazon.com/images/I/617Tl40LOXL.jpg,731432,item_weight,1400 milligram,617Tl40LOXL,"HIGHSTRENGTH HIGHSTRENGTH  
PSYLLIOM PSYLLIOM PSYLLIOM PSYLLIOM
HUSK HUSK  
1400 MG ""PLANT SEEDS"" ""PLANT SEEDS""
FOOD 365 VEGAN 
SUPPLEMENT SUPPLEMENT 365 CAPSULES
",1400 MG
49,https://m.media-amazon.com/images/I/61AHQ35poHL.jpg,884560,item_volume,10.0 ounce,61AHQ35poHL,"""Your Old and Close Friend Ever!"" 
""How to Make"" 
""1 tablet"" 
Water 
(10oz) 
Boil M
""3 min."" M
",10 oz
2,https://m.media-amazon.com/images/I/61BZ4zrjZXL.jpg,459516,item_weight,0.709 gram,61BZ4zrjZXL,"""Serving Size:1 Tablet (0.709 g)Each serving contains (Approx.Values)""   
Ingredient Ingredient Qty./Serving ""%RDA""""""
""*PHOSPHOcomplexSilybin (Sillybum marianum)"" ""*PHOSPHOcomplexSilybin (Sillybum marianum)"" ""200 mg"" **
""Dandelion Taraxacum officinale) leaf extract-101"" ""Dandelion Taraxacum officinale) leaf extract-101"" ""100 mg"" **
""Kutki Picrorhiza kurroa)rhizome extract-0.5%Bitters"" ""Kutki Picrorhiza kurroa)rhizome extract-0.5%Bitters"" ""50 mg"" **
""Kasani Cichorium intybus seed extract-1%Bitters"" ""Kasani Cichorium intybus seed extract-1%Bitters"" ""25 mg"" **
""Punarnava Boerhavia diffusa root extract-0.07%alkaloids"" ""Punarnava Boerhavia diffusa root extract-0.07%alkaloids"" ""25 mg"" **
""Bhui amla Phyllanthus amarusWP extract-0.5%Bitters"" ""Bhui amla Phyllanthus amarusWP extract-0.5%Bitters"" ""25 mg"" 
""Amla (Phyllanthus emblica) fruit extract-10%Tannins"" ""Amla (Phyllanthus emblica) fruit extract-10%Tannins"" ""25 mg"" 
""Licorice (Glycyrrhiza glabra) root extract- 5%Glycyrrhizin"" ""Licorice (Glycyrrhiza glabra) root extract- 5%Glycyrrhizin"" ""25 mg"" 
""Vitamin E"" ""Vitamin E"" ""10 mg"" 100
""Piper nigrum fruit extract-95%Piperine"" ""Piper nigrum fruit extract-95%Piperine"" ""5 mg"" **
""NUTRITIONAL INFORMATION PER SERVING (APPROX.VALUES)""   
Nutrients Nutrients Qty./Serving %RDA#
Energy 3.04kcal 0.13 
Carbohydrate Carbohydrate ""0.51 g"" **
(Sugars) (Sugars) ""0.2 g"" **
Protein ""0.04 g"" 0.07 
Fat 6600 ** 
""%RDA values established as per ICMR 2010 for sedentary lifestyle-Men"" ""%RDA values established as per ICMR 2010 for sedentary lifestyle-Men""  
""**% RDA not established by ICMR"" ""**% RDA not established by ICMR""  
",0.709 g
94,https://m.media-amazon.com/images/I/61Dq3LRei9L.jpg,523149,item_weight,10.0 kilogram,61Dq3LRei9L,"""SILICONE RINGS""
",
62,https://m.media-amazon.com/images/I/61Fwq4GeTmL.jpg,752266,wattage,60.0 watt,61Fwq4GeTmL,"Install 
6.600lm 
""bianco naturale"" 
IP65 
x2 
120cm 
",
42,https://m.media-amazon.com/images/I/61HXgujoxpL.jpg,752266,wattage,150.0 watt,61HXgujoxpL,,
80,https://m.media-amazon.com/images/I/61I0O1qJbhS.jpg,767202,item_weight,60.0 pound,61I0O1qJbhS,"""des Druckers um bis zu 60% und behalten dabe""
""den hohen technischen Parameterund die""
Druckqualitatbei.
",
0,https://m.media-amazon.com/images/I/61I9XdN6OFL.jpg,748919,item_weight,500.0 gram,61I9XdN6OFL,"NATURE
""INGREDIENT MENAGER""
MULTI-USAGE
TERREDE
SOMMIERES
100%NATUREL
""Argile 100% pure et naturelle, la terre de""
""Sommieres presente des proprietes absorbantes""
""recalcitrantes sur toutes les surfaces (moquette,""
""tapis, parquet...). Elle est aussi efficace pour""
""desodoriser le linge.""
IngredientBentonite
""Dosage conseille Selon usag.""
100%
500g
",500 g
5,https://m.media-amazon.com/images/I/61QsBSE7jgL.jpg,731432,item_weight,1400 milligram,61QsBSE7jgL,"""Naturally-Sourced Psyllium"" HIGHSTRENGTH HIGHSTRENGTH 
""per serving"" HUSK  
1400MG ""PLANTAGO OVATA"" ""PLANTAGO OVATA"" 
""Suitable for Vegans & Vegetarians""   
FOOD   
SUPPLEMENT 365 VEGAN 
  Horbaach 
",1400 MG
68,https://m.media-amazon.com/images/I/61SmT8pkLtL.jpg,529606,item_weight,2 ounce,61SmT8pkLtL," 100%S0Y  
""AROMATHERAPY CANDLE"" ""AROMATHERAPY CANDLE"" ""AROMATHERAPY CANDLE"" 
  ALL-NATURAL 
100%BOTANICAL  HEMPWICK 
""PLANT TERPENES""   
2GRAMSPERCANDLE   
  100%SOY 
  CLEANEST 
REAL  BURNINGWAX 
20ZJAR   
WITHLID   
 ""SOFT-TOUCH""""""  
 MATTEFINISH  
",
50,https://m.media-amazon.com/images/I/61WFh8RCQYL.jpg,844474,item_weight,0.8 kilogram,61WFh8RCQYL,"""Breathable & Easy to Clean."" ""Breathable & Easy to Clean."" ""Breathable & Easy to Clean.""    
""Weight: 0.8KG""      
   OVNVHZ   
     45CM 
MODE: MODE:     
BELLE BELLE     
DE  38CM    
UI UI     
 26CM  28CM   
      
",0.8 KG
27,https://m.media-amazon.com/images/I/61XGDKap+JL.jpg,866516,item_weight,158.0 gram,61XGDKap+JL,"PAR 1580
",
56,https://m.media-amazon.com/images/I/61c+hSNnnZL.jpg,748919,item_weight,270.0 gram,61c+hSNnnZL,"PINA
DESHIDRATADA
""65-70 UNIDADES""
.
",
91,https://m.media-amazon.com/images/I/61cMeogK8gL.jpg,601746,item_weight,26.0 gram,61cMeogK8gL,"""BALL DIAMETER: 74Mm""
""NUMBER OF HOLES: 4O""
",
73,https://m.media-amazon.com/images/I/61d6Kj80QSL.jpg,365637,item_weight,200.0 gram,61d6Kj80QSL," Naturals  
DATESYRUP   
  M 
uantoMilletex uantoMilletex  
MILLET ""MILLET SHORTBREAD""  
   
   
   
  DELICIOUS, 
  HEALTHY& 
  GREATFOR 
  DIGESTION 
ENERGYFROM   
SUPERFOOD   
""FOR ALL AGE""   
GROUPS.   
""PSYLUOM HUSK""   
MOLTIGRAIN   
 ""Net Weight 200gm""  
",200 t
81,https://m.media-amazon.com/images/I/61eOO5IW4NL.jpg,369753,item_volume,3.0 cubic foot,61eOO5IW4NL,"""1 TEST"" 2PREP
""Take a easy skin allergy test"" ""Skin care and moisturizing before use""
""3 CUT"" 4STICK
""Cut to the size as required"" ""Cover the areas that need""
",
54,https://m.media-amazon.com/images/I/61hWZdkq6WL.jpg,630390,item_weight,750.0 gram,61hWZdkq6WL,"""PROTEN 9O""  
""del siero del latte isolate e vitamine."" FREE 
""Con edulcoranti. Ultrasolubile."" FREE 
""Food supplement of micro-ultrafiltered"" STEVIOL 
""With sweeteners.Ultrasoluble.""  
""30 dosi /servings""  
",
96,https://m.media-amazon.com/images/I/61kyBEJYDeL.jpg,459516,item_weight,500 milligram,61kyBEJYDeL,"GREEN  
COFFEE  
""BURN FAT""  
""Improves Digestion*"" ""Improves Digestion*"" 60.0
""Dietary Supplement"" CAPSULES 
",
37,https://m.media-amazon.com/images/I/61o2ntPNNgL.jpg,179080,voltage,36.0 volt,61o2ntPNNgL,"ZFREEWHEELS 800W36V 
GABELMINDESTBREITE135MM GABELMINDESTBREITE135MM 
""HINTERRADMIT BRUSHLESSMOTOR"" ""HINTERRADMIT BRUSHLESSMOTOR"" 
",
36,https://m.media-amazon.com/images/I/61o2ntPNNgL.jpg,179080,wattage,800.0 watt,61o2ntPNNgL,"ZFREEWHEELS 800W36V 
GABELMINDESTBREITE135MM GABELMINDESTBREITE135MM 
""HINTERRADMIT BRUSHLESSMOTOR"" ""HINTERRADMIT BRUSHLESSMOTOR"" 
",
11,https://m.media-amazon.com/images/I/61oMj2iXOuL.jpg,308856,item_weight,10 kilogram to 15 kilogram,61oMj2iXOuL,"XS S   XL 
""1,3 cm"" ""2 cm"" ""2,5 cm"" ""3 cm"" ""3,5 cm"" 
1 ""12 cm"" ""13 cm"" ""14 cm"" ""15 cm"" ""16 cm""
""<10 kg"" ""10-15 kg"" ""15-25 kg"" ""25-45 kg"" ""> 45 kg"" 
",10 kg
22,https://m.media-amazon.com/images/I/61sQ+qAKr4L.jpg,299791,item_weight,2.7 gram,61sQ+qAKr4L," ""925 SterlingSilver"" 
 ""18K Gold Plated"" 
""0.28 INCH""  
7MM  
 ""High Polish"" 
""0.07 INCH""  
(1.8MM)  
 ""16+2 INCH Extend Chain"" 
""Net Weight: 2.7G"" (405MM+50MM) 
""Manual measurement, the size may be slightly different from the physical."" ""Manual measurement, the size may be slightly different from the physical."" 
",2.7 G
58,https://m.media-amazon.com/images/I/61sx0ezNNLL.jpg,731432,item_weight,1 kilogram,61sx0ezNNLL,"MUSCLE MUSCLE MUSCLE  
""MASS GAINER"" ""MASS GAINER"" ""MASS GAINER"" ""MASS GAINER"" 
609 1012 200g 12g 
PROTEIN CALORIES CRARBS BCAR 
100%    
""PURE INGREDIENTS""    
CHOCOLATE    
MILKSHAKE    
ZERO   NETWT.1KG 
",200 g
21,https://m.media-amazon.com/images/I/61wzlucTREL.jpg,252585,item_volume,4.0 gallon,61wzlucTREL,"""STRETCHABLE AND"" ""BLACKFABRIC BLOCKS"" ""BLACKFABRIC BLOCKS"" 
FORMFITTING ""THE LIGHT"" ""THE LIGHT"" 
 ""EXPERT-GRADE GEL"" ""EXPERT-GRADE GEL"" 
 ""NON-TOXIC NO SMELL"" ""NON-TOXIC NO SMELL"" 
""FLEXIBLE COMFORTABLE FOR""   
""COLD ORHOTTHERAPY"" ""3.1 in""  
  5.3 
  5 
""22.2 in""   
",
52,https://m.media-amazon.com/images/I/61x6RSjwQIL.jpg,299791,item_weight,10.0 gram,61x6RSjwQIL,"0.55inch 0.78inch  
0.55inch-  0.66inch 
  ""Weight: 10g"" 
""20""""+ 2"""" Extension"" ""Moderate thickness"" ""Rotatable screws,"" 
""Chain Length"" ""suitable for ashes"" ""tightly fixed"" 
",10 g
30,https://m.media-amazon.com/images/I/71+fn9TWQmL.jpg,524635,item_weight,18.55 gram,71+fn9TWQmL,"""50 mI"" ""50 mI""     
Carvomin R     
      
Verdauungstropfen      
""18,55 g/20 ml""      
      
""Flussigkeit zum Einnehmen""      
 157     
     ""50 ml Wirkstoff: Ase"" 
     Benediktenkrau! 
    Carvomin Verdauungstuco 
    Verdauungstropfen ""keit enthalten"" 
  16.0  ""18,55 g/20 ml"" ferminzblattem 
Wirkstoff:    ""Flussigkeit zum"" ""Enthalt 58V"" 
""Auszug aus einer Mischung""    Einnehmen ""mittel fur Kinte"" 
""Auszug aus einer Mischung""     ""lagern.Das A"" 
""von Angelikawurzeln""     ausschlieBlichar 
""Benediktenkraut und""     Krankheitssymoon 
Pfefferminzblattern     Packungsbeilag 
     ""eine andere ne"" 
KLONGE     tieren.Reg-N. 
KLONGE    ""Zur Anwendung"" ""Klinge Pharma"" 
PHARMA    ""bei Erwachsenen""  
",18.55 g
34,https://m.media-amazon.com/images/I/71004c9tzfL.jpg,730429,item_weight,50.0 gram,71004c9tzfL,"    25  
USB CHARGING "" PORTS""  50 % 
  MODEE UP DOWN  
",
51,https://m.media-amazon.com/images/I/711SATIDrmL.jpg,709627,item_weight,169.0 gram,711SATIDrmL,"""Battery Capacity""  1300mAh 
""Discharage Rate""  100C 
""Battery Voltage""  ""14.8 V"" 
""Cell Configuration""  4S 
""Connector Type""  ""XT60 P|ug"" 
""Balancer Connector Type""  JST-XHR 
  ""Weight: 169g"" 
LDECOD  ""1.38 Inches"" 
1300 mAh  
LiPo4S14.8V19.24WH LiPo4S14.8V19.24WH  
   
  ""1.26 Inches"" 
TO ""2.83 Inches"" ""2.83 Inches"" 
T30   
",169 g
79,https://m.media-amazon.com/images/I/713twQgCHSL.jpg,487566,item_weight,5.0 kilogram,713twQgCHSL,"0-6MONTHS 
Kgs ""UPTO 5 KGS""
",5 KGS
28,https://m.media-amazon.com/images/I/715vVcWJxGL.jpg,459516,item_weight,5000 milligram,715vVcWJxGL,"NUVIDA  
""NATURAL HEALTH""  
""CRANBERRY EXTRACT"" ""High Strength Extract for"" ""CRANBERRY EXTRACT""
""SUITABLE FOR VEGETARIANS AND VEGANS"" ""SUITABLE FOR VEGETARIANS AND VEGANS"" ""SUITABLE FOR VEGETARIANS AND VEGANS""
 FoodSupplement 
",
82,https://m.media-amazon.com/images/I/716AQpAJjZL.jpg,731432,item_weight,227 gram,716AQpAJjZL,"""Store in a cool,""  
""dry place after""  
opening  
IROU Collagen 
Chewable ""Peptides Powder"" 
C-500 ""Joint and Bone Health"" 
C-500 Astaxanthin ""Clinically Tested""
""Antioxidant Protection"" 4mg ""NET WT.8 OZ.(227g)""
""Naturally Sweetenec"" ""NET WT.8 OZ.(227g)"" 
""Cellular Protection""  
""Potent Free Radical Neu""  
",4 mg
78,https://m.media-amazon.com/images/I/718EdwGgyVL.jpg,365637,item_weight,200.0 gram,718EdwGgyVL,"""TWO OTHER DIFFERENT""  ""TWO OTHER DIFFERENT"" ""TWO OTHER DIFFERENT"" 
  FLAVOURS  
DuartoMlle Quantum DrantoMiulete Quantum 
Naturals  Quantum Quantum 
Naturals  Naturals Naturals 
OuantoMill  OuantoMill OuantoMilletex 
""MILLET SHORTBREAD"" LE ""MILLET SHORTBREAD""  
 LE ""MILLET SHORTBREAD"" ""MILLET SHORTBREAD"" 
    
    
    
""Sweetened with Date Syrup""  ""Sweetened with Coco Butter""  
  ""Sweetened with Coco Butter"" ""Sweetened with Jaggery"" 
    
    
    
""Net Weight200 gm""  ""Net Weight200gm"" ""Net Weight200gm"" 
",
33,https://m.media-amazon.com/images/I/71D824lbRvL.jpg,524635,item_weight,18.55 gram,71D824lbRvL,"1855g20m Carvomin
1855g20m Verdauungstropfen
""18,55 g/20 ml"" 
""Flussigkeit zum Einnehmen"" 
Wirkstoff: 
""Auszug aus einer Mischung"" 
""von Angelikawurzeln,"" 
""Benediktenkraut und"" 
Pfefferminzblattern 
KLONGE 
PHARMA 
",18.55 g
7,https://m.media-amazon.com/images/I/71DiLRHeZdL.jpg,731432,item_weight,1400 milligram,71DiLRHeZdL,"  WHEAT  
  FREE  
    
    
PSYLLIOM PSYLLIOM PSYLLIOM  
   SOY 
HUSK   FREE 
    
1400MG    
""PLANT SEEDS"" ""PLANT SEEDS""   
  DAIRY  
 VEGAN FREE  
365 CAPSULES   
FOOD    
SUPPLEMENT    
  FREEFROM  
  PRESERVATIVES  
   Horbaach 
",1400 MG
55,https://m.media-amazon.com/images/I/71E7CU55dcL.jpg,810266,item_weight,160.0 gram,71E7CU55dcL,"Specifications: Specifications:  
""Material:: borosilicate glass"" ""Material:: borosilicate glass""  
Weight: ""3- Natural, Pink, Gold"" ""9,5 cm"" 
Volume: :180ml  
Shape: "".Shiba Inu""  
  ""6 cm"" 
",
60,https://m.media-amazon.com/images/I/71E9iF-bmKL.jpg,731432,item_weight,1 kilogram,71E9iF-bmKL," EXTREME EXTREME   GAINS 
     ""Support Weight &"" 
     ""Muscle Building."" 
     ""Muscle Size &."" 
     Strength 
NUTRIARC      
MUSCLE MUSCLE MUSCLE   ""Rapid Muscle"" 
""MASS GAINER"" ""MASS GAINER"" ""MASS GAINER"" ""MASS GAINER""  Recovery 
609 1012g 200g 12g   
PROTEN 1012g     
100%     ""Reduce Muscle"" 
PUREINGREDIENTS     ""Reduce Muscle"" 
CHOCLATE      
MILKSHAKE     ""Break down"" 
    NETWLING  
",1012 g
83,https://m.media-amazon.com/images/I/71FVeRd2jqL.jpg,709627,item_weight,100 gram,71FVeRd2jqL," ""OF CHARGES""  
""RECHARGEABLE CELL 90OmAh"" DURACELL  
",
38,https://m.media-amazon.com/images/I/71IUuTJ8QwL.jpg,601746,item_weight,330.0 pound,71IUuTJ8QwL,"""Put durability,safety.and environmental protection first"" 
""Honeycomb Surface"" 
""Offers solid performance and ensures that"" 
""the yoga ball won't burst suddenly."" 
""Explosion-Proof Design"" 
""Provides the best protection and"" 
""prevents injuries."" 
""Environmentally Friendly Material"" 
""Just use it with confidence knowing it's made"" poI
""of environmentally friendly material."" 
""No Sticking"" 
""Rest assuredthat the surface won't stickto"" 
""your skin, clothing, floor, and much more."" 
""330lbs Load Bearing"" 
""Never worry about the load-bearing capacity"" 
""of this yoga ball as it can support up to 33Olbs"" 
",330 lbs
76,https://m.media-amazon.com/images/I/71Lpqdrpi4L.jpg,365637,item_weight,200.0 gram,71Lpqdrpi4L,"""for boosting energy"" ""for boosting energy"" ""for boosting energy"" 
 ""All Natural""  
 Ingredients  
Improves DuantoClflletes Quantum ""Quick source""
Improves Naturals ""Quick source"" 
Digestion  ""of Energy"" 
 uantoMilletex  
""Delicious in"" "" MILLET SHORTBREAD"" ""Rich in fibre"" 
   
""Delicious in"" ""Sweetened with Date Syrup"" andvitamins 
taste  andvitamins 
   
 ""Net Weight200gm""  
""Contains superfood in"" ""Contains superfood in""  
""combination with Millets"" ""combination with Millets""  
 ""and Multigrains""  
",
65,https://m.media-amazon.com/images/I/71SuzaRS7gL.jpg,459516,item_volume,30.0 millilitre,71SuzaRS7gL,"STERMEE ""Powerful Lung Support"" ""Powerful Lung Support""  
  Respiratory  
Ee    
""HERBALDROPSOF DENDROBIUM"" cna.c5.am   
""AND PISTILUSEXTRACTS"" Net.30m   
""The herbal drops are absorbed under the""    
""tongue. The ingredients act on the lungs"" "" Eanng unction""   
 Canaiways Maximym  
""and respiratory system through the blood,"" Canaiways   
   Omu 
""stimulate and dilute the mucus in the trachea"" 30ml/1fl.oz  ""VEGAN-GMO FREEISO"" 
 ""VEGANGMO FREEISO"" ""VEGANGMO FREEISO""  
""and lungs, help expel sputum and lung residues""    
""within 2 hours, and dredge the airway.""    
",30 ml
93,https://m.media-amazon.com/images/I/71WLYfmMqQL.jpg,254449,item_weight,50.0 milligram,71WLYfmMqQL,"""50 mg"" ""50 mg""  
""Sans OGM"" 250 comprimes 
 comprimes NPN80006007 
",50 mg
95,https://m.media-amazon.com/images/I/71XK5d3Oh9L.jpg,416664,wattage,49.0 watt,71XK5d3Oh9L,,
44,https://m.media-amazon.com/images/I/71YyZ2iPyZL.jpg,752266,wattage,30.0 watt,71YyZ2iPyZL,"  Thickened 
  Glass 
  High-Quality 
  LEDs 
  Die-Cast 
 IP65 ""Alumium Frame"" 
30W IP65  
  Mental 
  Bracket 
",30 W
69,https://m.media-amazon.com/images/I/71ZtDgGX+iL.jpg,299791,item_weight,8.1 gram,71ZtDgGX+iL,"  "" Chain Length: 48+5 cm"" "" Chain Length: 48+5 cm"" 
  ""Material: Titanium Steel"" ""Material: Titanium Steel"" 
  ""Size: 2013 mm""  
 M ""Weight: 8.1 g (About)"" ""Weight: 8.1 g (About)"" 
  ""Tips:The size of the product is measured manually"" ""Tips:The size of the product is measured manually"" 
""20 mm""  ""and may be subject to marginal error.""  
  Custom  
  Text  
    
    
""13 mm""    
",8.1 g
31,https://m.media-amazon.com/images/I/71aKgRRQ2wL.jpg,524635,item_weight,18.55 gram,71aKgRRQ2wL,"Ierdaungstronfien Carvomin   
1855g20ml Verdauungstropfen   
wendune ""18,55 g/20 ml""   
 ""Flussigkeit zum Einnehmen""   
akAUn    
  ""50 ml Wirkstoff As"" ""50 ml Wirkstoff As"" 
   Benediktenkrat 
  Carvomin Verdauungstucc 
  Verdauungstropfen ""keit enthalten"" 
  ""18,55 g/20 mI"" ""Mischung von "" 
 Wirkstoff: ""Flussigkeit zum"" ferminzblattem 
  ""Flussigkeit zum"" ""Enthalt 58 Va"" 
 ""Auszug aus einer Mischung"" Einnehmen ""mittel fur Kinde "" 
 ""von Angelikawurzeln,""  ""lagern.Das Ac"" 
 ""Benediktenkraut und""  ausschlieBlichar. 
 Pfefferminzblattern  ""dungsgebiet re"" 
   Krankheitssym.o 
 KLONGE  ""eine andere ng"" 
   tieren.Reg-. 
 PHARMA ""Zur Anwendung"" ""Klinge Pharma"" 
  ""bei Erwachsenen"" ""Klinge Pharma"" 
",18.55 g
74,https://m.media-amazon.com/images/I/71bvOuz9w1L.jpg,365637,item_weight,200.0 gram,71bvOuz9w1L," Naturals  
 OuantoMilletes  
 ""MILLET SHORTBREAD""  
   
 ""Sweetened with Date Syrup""  
   
  THY8 
GROUPS   
 ""Net Weight 200gn""  
",200 t
40,https://m.media-amazon.com/images/I/71cjrYndwIL.jpg,794161,item_weight,0.35 ounce,71cjrYndwIL,"""SALMON DARK CIRCLE CONCEALER"" ""SALMON DARK CIRCLE CONCEALER""  
""This concentrated and creamy concealer"" ""This concentrated and creamy concealer"" ""This concentrated and creamy concealer"" 
""contains salmon ingredients which effectively"" ""contains salmon ingredients which effectively"" ""contains salmon ingredients which effectively"" 
""help conceal dark under eye circles and brighten"" ""help conceal dark under eye circles and brighten"" ""help conceal dark under eye circles and brighten"" 
""the eyes.""   
""To use : After applying your foundation, dispense an"" ""To use : After applying your foundation, dispense an"" ""To use : After applying your foundation, dispense an"" 
""adequate amount and gently tap onto dark circles around"" ""adequate amount and gently tap onto dark circles around"" ""adequate amount and gently tap onto dark circles around"" 
""your eye area""   
  #2 
""""""809221""""274243"" """"""809221""""274243""  
""Dist.SKINFOOD USA,INC.1 Technology Drive"" ""Dist.SKINFOOD USA,INC.1 Technology Drive"" ""Dist.SKINFOOD USA,INC.1 Technology Drive"" 
""Bldg.B, Suite B113 Irvine,California,92618"" ""Bldg.B, Suite B113 Irvine,California,92618"" ""Bldg.B, Suite B113 Irvine,California,92618"" 
www.theskinfood.com www.theskinfood.com ""10g/Net wt.0.35 oz"" 
""Made in Korea""   
""OPEN HERE"" ""OPEN HERE""  
",10 g
72,https://m.media-amazon.com/images/I/71dWDwMhWmS.jpg,681445,item_weight,500.0 kilogram,71dWDwMhWmS,"ENGUSH
",
86,https://m.media-amazon.com/images/I/71duwM3SjpL.jpg,459516,item_weight,600 milligram,71duwM3SjpL,"""Clinically Proven Ashwagandha*""    
Supports TM Supports Supports 
""Stress & Anxiety Buster*"" J ""Stress & Anxiety Buster*"" ""Stress & Anxiety Buster*"" 
""Improve Sleep Quality*"" J ""Improve Sleep Quality*"" ""Improve Sleep Quality*"" 
""Strength & Stamina*""  ""Strength & Stamina*"" ""Strength & Stamina*"" 
KSM-66 KSM-66 KSM-66  
  R  
Ashwagandha    
""5% withanolides"" ""5% withanolides"" ""5% withanolides""  
   anti-caking 
   agents. 
Ashwagandha  Ashwagandha  
""Vcaps Plus"" ""Vcaps Plus"" ""Vcaps Plus""  
",
64,https://m.media-amazon.com/images/I/71e6kJLE+LL.jpg,459516,item_volume,30.0 millilitre,71e6kJLE+LL,"""EXTRACT HERBAL DROP"" ""EXTRACT HERBAL DROP"" ""EXTRACT HERBAL DROP"" 
before  after 
CLTIOC ""Dendrobium &Mullein""  
ae ""Extract Herbal Drop""  
STIORE ""Powerful Lung Support""  
""Sehw dypaeny""   
Per.nd   
Ece.   
FrBking58.ng   
""Cara  ""   
""Net 30om""   
 ""ct Herbal.Dro""  
""Balans evels""   
Clanaways   
 n Baln 
30ml/1fl.oz ""VEGANGMO FREEISO"" ""VEGANGMO FREEISO"" 
""VEGANGMO FREEISO""   
",30 ml
1,https://m.media-amazon.com/images/I/71gSRbyXmoL.jpg,916768,item_volume,1.0 cup,71gSRbyXmoL,"   LEBENSMITTELECHT 
Cup    
   GEPRAGTES 
   DESIGN 
""AS YOULIKE"" ""AS YOULIKE"" BEST ""Designed in"" 
    
 OR calee Berlin 
  OR Berlin 
cola    
""LIZENZIERTE UND GESCHUTZTE DESIGNS""    
",
67,https://m.media-amazon.com/images/I/71hgN7yu9OL.jpg,459516,item_volume,30.0 millilitre,71hgN7yu9OL,"Dendrobium ""Purified Water"" 
""Mullein Extract""  
  
30ml/1fl.oz ""EGAN GMO FREE-ISO"" 
  
",30 ml
9,https://m.media-amazon.com/images/I/71jBLhmTNlL.jpg,731432,item_weight,1400 milligram,71jBLhmTNlL," ""SAME TRUSTED OUALITY""      
OLD       
 Horbaach     NEW 
    Horbaach   
 HIGHSTRENGTH HIGHSTRENGTH     
 PSYLLIOM PSYLLIOM  HIGHSTRENGTH   
 HUSK  PSYLLIOM PSYLLIOM PSYLLIOM  
 1400MG serving  HUSK   
   1400MG ""PLANT SEEDS"" ""PLANT SEEDS""  
SUPPLEMENT 365 CAPSULES     
   SUPPLEMENT 365 CAPSULES  
""PACKAGING MAYVARY""     Horbaach Horbaach 
",1400 MG
98,https://m.media-amazon.com/images/I/71jG8BOi4WL.jpg,241608,item_weight,16.0 gram,71jG8BOi4WL,"-Anti-Scratch Anti-Rust
""Water Repellent-"" ""Stain Resistant & Anti-bacterial Protection""
",
77,https://m.media-amazon.com/images/I/71jLIbCcwOL.jpg,365637,item_weight,100.0 gram,71jLIbCcwOL,"""Value per Serving"" ""Value per 100g"" ""Value per Serving""
202.4 566.76 202.4
Protein,g/100g 6.25 2.23
20.69 57.93 20.69
10.94 30.64 10.94
""Vitamin A,mcg/100g"" 0 
0  
""Vitamin C,mg/100g"" 5.99 2.1
""Total Sugar (sucrose),g/100g"" 5.99 2.14
""Dietary Fibre,g/100g"" 2.31 0.83
98.49 275.76 98.49
24.28 24.28 8.67
18.72 52.42 18.72
Iron,mg/100g 2.78 1.0
19.41 19.41 6.9
""Trans Fatty Acid, g/100g"" 0 0
""Cholesterol, mg/100g"" 0 0
",100 g
75,https://m.media-amazon.com/images/I/71l0M0tMGjL.jpg,365637,item_weight,200.0 gram,71l0M0tMGjL," Ingredients  
DuantMletes Quantum  
 Naturals  
 SuantoMilletex  
""Date syrup"" "" MILLET SHORTBREAD"" Fennel 
   
 ""Sweetened with Date Syrup""  
   
Millet  ""Psyllium Husk"" 
 ""Net Weight 200gm""  
 Multigrains  
",200 t
59,https://m.media-amazon.com/images/I/71ldprwbKrL.jpg,731432,item_weight,10 kilogram,71ldprwbKrL,"NGRIDIENTS NGRIDIENTS   
   ADDED 
   ""HIGH QUALITY"" 
   ""PROTEIN BLEND"" 
   ADDED 
   CREATINE 
   MONOHYDRATE 
NUTRIARC    
MUSCLE MUSCLE  ADDED 
MOSSGOINER MOSSGOINER  BCAA& 
60g 6002/62101 12g  
PROTEIN 6002/62101   
100%    
PUREINGREDIENTS    
MILKSHAKE   ADDED 
FREEZERO  NELWT VITAMINS& 
   MINERALS 
",60 g
66,https://m.media-amazon.com/images/I/71nsfFCXF0L.jpg,459516,item_volume,30.0 millilitre,71nsfFCXF0L,"""e "" ""e "" ""Extract Herbal Drop"" ""Extract Herbal Drop""  
 STCRAGE ""Powerful Lung Sup"" ""Powerful Lung Sup""  
""Srer op"" ""Srer op""  Respiratory  
Nanradm Nanradm    
FerumPrdurs FerumPrdurs    
 xdes    
Ce15Habn Ce15Habn    
Net.30m Net.30m    
    ""ct Herbal Drop"" 
""Eranng unction""  ""Eranng unction""   
  Maximyn Maximyn  
    Cpana 
  30ml/1fl.oz   
  ""VEGANGMO FREEISO"" ""VEGANGMO FREEISO""  
Herbal Relieve Relieve  ""To the"" 
extract pain pain  throat 
Oral ""Mild and"" ""Mild and""  Longterm 
bacteriostasis comfortable   protection 
",30 ml
24,https://m.media-amazon.com/images/I/71nywfWZUwL.jpg,179080,item_weight,4.1 kilogram,71nywfWZUwL," 36.8cm/  
 ""14.48""""""  
 ""48V 13Ah""  
 ""48V 17.5Ah"" ""11.1cm/4.37"""""" 
Type  ""Downtube Battery"" 
  ""13Ah: 2500m-A-h"" 
""Battery Cell""  ""17.5Ah: Sam-sung/L-G/Cell"" 
  ""3500mAh Send it randomly"" 
Charger   
""Charger Output Current""  ""48V 13Ah (2A)"" 
  ""48V 17.5Ah(4A)"" 
""USB port""   
BMS  30A 
KG ""Battery Weight."" 4.1KG/4.4KG 
",4.1 KG
25,https://m.media-amazon.com/images/I/71nywfWZUwL.jpg,179080,voltage,48.0 volt,71nywfWZUwL," 36.8cm/  
 ""14.48""""""  
 ""48V 13Ah""  
 ""48V 17.5Ah"" ""11.1cm/4.37"""""" 
Type  ""Downtube Battery"" 
  ""13Ah: 2500m-A-h"" 
""Battery Cell""  ""17.5Ah: Sam-sung/L-G/Cell"" 
  ""3500mAh Send it randomly"" 
Charger   
""Charger Output Current""  ""48V 13Ah (2A)"" 
  ""48V 17.5Ah(4A)"" 
""USB port""   
BMS  30A 
KG ""Battery Weight."" 4.1KG/4.4KG 
",48 V
32,https://m.media-amazon.com/images/I/71rKXZJrh4L.jpg,524635,item_weight,18.55 gram,71rKXZJrh4L,"Carvomin  
  
Verdauungstropfen  
""18,55 g/20 ml""  
""Flussigkeit zum Einnehmen"" FliSsie 
552  
  
118 118 
1-5-  
Wirkstoff:e  
""Auszug aus einer Mischung""  
Pfefferminzblattern  
KLONGE  
PHARMA  
",18.55 g
61,https://m.media-amazon.com/images/I/71sWRp1SNwL.jpg,731432,item_weight,2.2 pound,71sWRp1SNwL,"    ""Contains Added Flavour-Chocolate (Natural and Nature Identical"" ""Contains Added Flavour-Chocolate (Natural and Nature Identical""  
 ""NUTRITION FACTS""   ""Flavouring Substances)""   
     ""AMINO ACID PROFILE""  
""Serving Size 1 Scoop 50 g)"" ""Serving Size 1 Scoop 50 g)""  ""Servings Per""  ""BCAA (Branched Chain Amino Acids) (g/100g protein)""  
""Serving Size 1 Scoop 50 g)"" ""Serving Size 1 Scoop 50 g)""  Container:20  ""BCAA (Branched Chain Amino Acids) (g/100g protein)""  
      ""Per 100g"" 
 ""Quantity Per""  %Daily Leucine  ""2.50 g"" 
 Serving  Values* ""Iso Leucine""  ""1.25 g"" 
Energy ""253 kcal""   ""Essential Amino Acids""  ""1.25 g"" 
""Total Fat"" 1g  3.00% Lysine  ""2.00 g"" 
""Saturated Fat"" 0.5g   Methionine  ""0.50 g"" 
""Saturated Fat"" 0.5g   Phenylalanine  1.00g 
""Trans Fat"" 60   Tryptophan  0.40g 
Cholesterol Cholesterol ""10 mg"" 3% Threonine  1.70g 
Sodium 50mg  7% Alanine  1.40g 
""Total Carbohydrates"" ""Total Carbohydrates"" 50g  ""Glutamic Acid""  ""0.60 g"" 
    Glycine  ""0.60 g"" 
""Sugars (As Sucrose)"" 5g   Histidine  ""0.60 g"" 
Protein 12g  50% Proline  ""1.25 g"" 
    Cysteine  0.40g 
""BCAA Blend"" ""BCAA Blend"" 5.5g  Tryosine  1.20g 
    Arginine  ""1.20 g"" 
""*Percent Daily Values DV) are based on a 2000 calorie diet. Your Daily Values may""    Serine  ""1.30 g"" 
    ""Aspartic Acid""  ""2.50 g"" 
INGREDIENTS INGREDIENTS      
""whey protein blend (Whey Protein Cocentrate, Whey Protein Isolate), Skimed Milk Powder,""       
""Maltodextrin,Alkalized Cocoa Powder,Stabilizer INS415,INS417).Sunflower""       
""lecithin(INS322)Sucralose (INS955),Glutamine,Creatine Monohydrate""       
  MUSCLE MUSCLE    
  ""MASS GAINER"" ""MASS GAINER""    
  6002/62101609 6002/62101609    
  100%     
  PUREINGREDIENTS     
  MILKSHAKE     
  ZERO     
",50 g
97,https://m.media-amazon.com/images/I/71uQmsTESvL.jpg,459516,item_weight,500 milligram,71uQmsTESvL,"""Discover wellness"" ""Discover wellness""     
   30   
 ""Helps Control"" ""Supports Blood"" ""Supports Blood""   
 Appetite* ""Sugar Level*"" ""Sugar Level*""   
""Supports Weight""    ""Supports Immune"" ""Supports Immune"" 
managment*    System*  
Boosts  ""Herbal max""   Healthy 
Metabolism* Metabolism* GREEN   Digestion* 
  COFFEE    
  BURNFAT    
Enhance     Supports 
Mood*     ""Fat Burn*"" 
 ""Improves Digestion*"" 500MG 60   
  ""Dietary Supplement"" CAPSULES   
",500 MG
92,https://m.media-amazon.com/images/I/811VfR10yxL.jpg,752266,wattage,0.55 watt,811VfR10yxL,"""Product name: Solar Sensor Wall Lights.""   
""Quantity: 2PCS""   
""Solar panel: 5.5V, 0.55w""   
""LED: 144 LED""   
"" Sensor angle: 120 degrees""   
""Sensor distance: 3-7m""   
"" Protection level: IP65 waterproof""   
""Switch: Mode 1  Mode 2  Mode 3 off""   
""Charging time: 8 hours in the sunlight""   
""Function Switch:""   
"" 1. The first work mode: continuously bright light""   
""constant light in dark places, when people go through"" ""constant light in dark places, when people go through""  
"" the sensor area, strong lighting 20 seconds. And the light"" "" the sensor area, strong lighting 20 seconds. And the light""  
"" will turn to dim after people leave the induction area."" "" will turn to dim after people leave the induction area.""  
""3. The 3rd work mode: When people go through the sensor"" ""3. The 3rd work mode: When people go through the sensor""  
"" people leave the induction area.""   
ER   
 PLASTIQUE DE 
""Made in China""   
",0.55 w
90,https://m.media-amazon.com/images/I/814sAvV89SL.jpg,558374,item_weight,42.0 gram,814sAvV89SL,"""Serving size"" ""3 Pieces (42g)""
Calories 160
""% Daily Value*"" 
""Total Fat Og"" 0%
""Saturated Fat 0g"" 0%
""Trans Fat Og"" 
""Cholesterol Omg"" 0%
""Sodium 15mg"" 1%
""Total Carbohydrate 39g"" 14%
""Dietary Fiber 0g"" 0%
""Total Sugars 28g"" 
""Includes 28g Added Sugars."" 56%
""Protein 0g"" 0%
""Vitamin D 0mcg"" 0%
""Calcium Omg"" 0%
""Iron 0mg"" 0%
""Potassium Omg"" 0%
""* The % Daily Value (DV) tells you how much a nutrient in a"" 
""serving of food contributes to a daily diet. 2,000 calories a"" 
""day is used for general nutrition advice.."" 
""Ingredients: Sugar, Glucose, Agar, Citric"" 
""Acid, Canola Oil, Natural & Artificial."" 
""Flavors, Artificial Colors."" 
",42 g
48,https://m.media-amazon.com/images/I/817vo3DcCNL.jpg,179080,wattage,250.0 watt,817vo3DcCNL,"""DAS HERZSTUCK :""  
""STARKER UND EFFIZIENTER MOTOR FUR ANGENEHMEN FAHRKOMFORT"" ""STARKER UND EFFIZIENTER MOTOR FUR ANGENEHMEN FAHRKOMFORT"" 
""KRAFTVOLLE UND EFFIZIENTE"" ""EXTREM LEISERUND"" ""UNGLAUBLICHES DREHMOMENT""
""UNTERSTUTZUNG BIS"" ""LEISTUNGSSTARKERMOTOR MIT"" VON
""25 KM/H"" ""250 W"" ""45 NM""
",250 W
45,https://m.media-amazon.com/images/I/81K3JwUCnQL.jpg,752266,wattage,30.0 watt,81K3JwUCnQL,"30W   
IP65 waterproof waterproof 
.....   
Dustproof Heat-resisting Frost-resistant 
",30 W
10,https://m.media-amazon.com/images/I/81N73b5khVL.jpg,149159,item_weight,30.0 kilogram,81N73b5khVL,"""Das Material ist ca.5mm dick und die Fugen sind verstarkt, so dass"" 
""es sehr stark ist"" 
30 ""Tragfahigkeit bis zu 30KG, kann eine Vielzahl von Gegenstanden""
KG aufnehmen.
",30 KG
18,https://m.media-amazon.com/images/I/81RNsNEM1EL.jpg,731432,item_weight,200 gram,81RNsNEM1EL,"FREE ""Regular 200gpack"" ""Regular 200gpack"" 
Glucon-D Glucon-D Glucon-D 
""Instant Energy""   
NUTRITIONALVALUE* ""Per 100g Per Serve (35g)"" ""Per 100g Per Serve (35g)"" 
""Energy Value."" 360kcal 360kcal 126kcal
  Og 
Carbohydrates.  31.5g 
""of wh..ch uga. sueros...g"" ""of wh..ch uga. sueros...g"" Og 
""Fat& All types f fatty ai...g"" ""Fat& All types f fatty ai...g"" Og 
Cal.i... .170mg .170mg 59.5mg
Phosphorus. ..100mg ..100mg 35mg
.3001.U. .3001.U. 1051.U. 
*Approx.Value   
R5s0i R5s0i R5s0i 
""Glucose based beverage mixProprietary Food"" ""Glucose based beverage mixProprietary Food""  
""StorageConditiontore in acool dy lace away from stong odours."" ""StorageConditiontore in acool dy lace away from stong odours.""  
Heinzy   
Worli,Mumbai-400018. fssai  
LIC.No.10013022001417 LIC.No.10013022001417  
FSSAILic.No.10014012000278   
FSSAILic.No.10014062000273   
""Net Weight:"" ko  
",100 g
16,https://m.media-amazon.com/images/I/81S2+GnYpTL.jpg,731432,item_weight,200 gram,81S2+GnYpTL,"FREE ""Regular 200gpack"" 
Glucon-D Glucon-D 
""Instant Energy"" ""Instant Energy"" 
  
 Hein 
  
",
14,https://m.media-amazon.com/images/I/81dzao1Ob4L.jpg,281678,item_weight,53 ounce,81dzao1Ob4L,"""FOOD FORTHE MODERN LIFE""        
SRICH SRICH       
ORGANICS  SRICH      
  ORGANICS      
NTOUSI        
jssa  PLANRFOSED      
 SPEARMINT SPEARMINT      
 ""GREEN TEA"" ""GREEN TEA""      
       USDA 
       ORGANIC 
    ""OODFOR THE MODERN LIFE""    
 BEFORE  SRICH ""fssai usone""    
   ORGANICS  ""LIC. No. 12721999000135""   
    ""ORGANIC SPEARMINT HERBAL TEAE"" ""ORGANIC SPEARMINT HERBAL TEAE"" ORGANICS  
    ""erb keeps blood pr"" ""o kees""   
    ""DIRECTION OF USE""    
     ""an be made into herba""   
   CHORGANICS.COM ""Ingredients : Organic Spearmint Pure Herb"" ""Ingredients : Organic Spearmint Pure Herb""   
    ""Country of Origin : Indic""  . ""PLANT BASED"" 
    ""Nutritional Facts""  ORGANIC SUPERFOOD 
    Calories 80kcal SPEARMINT  
      ""GREEN TEA""  
   ""Sorich Organics Pt.d""   ""HIGH IN VITAIN A""  
   ""Sorich Organics Pt.d""   "" RICH IN ANTIOXIDAnNTS""  
    ""NET WEIGHT : 100 g (3.53 oz)"" ""NET WEIGHT : 100 g (3.53 oz)"" ""ANTI-BACTERIAL IN NATURE""  
    ""MRP Rs.""  ""Fe GREAT SOURCEOF IRON""  
    ""BATCH NO. :""  ""NET WEIGHT  100 g (3.53 oz)""  
    ""PKD. :""    
    ""USE BY :""    
      AFTER  
 ""Note: Packaging may vary for a brief period of time.""     ""Note: Packaging may vary for a brief period of time.""  
",100 g
17,https://m.media-amazon.com/images/I/81e2YtCOKvL.jpg,731432,item_weight,1 kilogram,81e2YtCOKvL,"Glucon-D Glucon-D 
""Net Weight"" ""Instant Energy"" ""Instant Energy""
Ikg  
""avetray hanyfGnD"" ""avetray hanyfGnD"" 
""99.4% pure Glucose-Glucose is an Instant energy source for"" ""99.4% pure Glucose-Glucose is an Instant energy source for"" 
""the body and is the only energy source for the brain."" ""the body and is the only energy source for the brain."" ""the body and is the only energy source for the brain.""
Vitamin ""Glucon-D has Vitamin D and Calcium that provides"" 
""strength to the bones and body."" ""strength to the bones and body."" ""strength to the bones and body.""
""energy production and storage."" ""energy production and storage."" ""energy production and storage.""
""So experience the Instant Energy'of Glucon-D with your family!"" ""So experience the Instant Energy'of Glucon-D with your family!"" 
""   D"" ""   D"" 
""i "" ""i "" ""i ""
n%6 n%6 
"" "" "" "" "" ""
facifta  
3  
""ffer ast.tffaia"" ""ffer ast.tffaia"" ""ffer ast.tffaia""
""Offer available in specifically marked packs only"" ""Offer available in specifically marked packs only"" ""Offer available in specifically marked packs only""
""We would love to hear from you""  
OTNo MFD. 
""(See space below /bottom of jar.)"" ""(See space below /bottom of jar.)"" 
",
13,https://m.media-amazon.com/images/I/81fOxWWWKYL.jpg,281678,item_weight,3.53 ounce,81fOxWWWKYL,"ORGANIC ORGANIC   
SSRICHE SSRICHE   
ORGANICS  PROMOTES  
""PLANT BASED""  ""D GESTVE"" HEALTH 
SUPERFOOD  ""D GESTVE"" HEALTH 
SPEARMINT    
""GREEN TEA""  ""HIGH IN ANTIOXIDANTS"" ""HIGH IN ANTIOXIDANTS"" 
""HIGH IN VITAMIN A""  ""HIGH IN ANTIOXIDANTS""  
""NET WEIGHT  100 g (3.53 oz)""  ""+COMBATS DISEASES"" ""+COMBATS DISEASES"" 
",100 T
41,https://m.media-amazon.com/images/I/81hnk2WXO3L.jpg,639090,item_weight,35.0 gram,81hnk2WXO3L,"B OMBS   
 ""Made with Belgian Chocolate""   
 ""inc/udes Mini Marshmallows""   
Milk Double Salted  
Chocolate Peppermint Chocolate Caramel 
""Nutrition Facts."" ""Nutrition Facts."" ""CORN STARCHDEXTROSE,ARTFICIAL FLAVORTETRASODIUM"" ""MARSHMALLOWS SUGARGLUCOSE SYRUPGELATINSORBITOLMODIFIED"" 
""16 serving per container"" ""VANILLA EXTRACT""   
""Serving size1 Package (35g)"" CONTAINS:MILK,SOY.   
""Amount per serving"" ""SALTED CARAMEL INGREDIENTS:SUGAR.COCOA BUTTER.WHOLE MILK"" ""SALTED CARAMEL INGREDIENTS:SUGAR.COCOA BUTTER.WHOLE MILK""  
Calories 180 ""PYROPHOSPHATE.COCOA MASS.EMULSIFIERS (SOY LECITHIN.PGPR"" ""PYROPHOSPHATE.COCOA MASS.EMULSIFIERS (SOY LECITHIN.PGPR"" 
""% Daily Value*"" CONTAINS:MILK,SOY.   
""Total Fat 9g"" 12%   
""Saturated Fat 5g"" 25% ""MARSHMALLOWS SUGAR.GLUCOSE SYRUPGELATIN.SORBITOLMODIFIED"" ""MARSHMALLOWS SUGAR.GLUCOSE SYRUPGELATIN.SORBITOLMODIFIED"" 
""Trans Fat 0g"" ""PYROPHOSPHATE).COCOA MASS.EMULSIFIERS (SOY LECITHIN.PGPR"" ""PYROPHOSPHATE).COCOA MASS.EMULSIFIERS (SOY LECITHIN.PGPR""  
""Cholesterol 5mg"" 2% ""VANILLA EXTRACT.PEPPERMINT FLAVOR."" BB 
""Sodium 20mg"" 1% CONTAINS:MILKSOY.  
""Total Carbohydrate 22g"" 8% ""DOUBLE CHOCOLATE INGREDIENTS: SUGAR.COCOA BUTTER.COCOA MASS"" ""DOUBLE CHOCOLATE INGREDIENTS: SUGAR.COCOA BUTTER.COCOA MASS"" 
""Dietary Fiber <1g"" 2% ""SORBITOL.MODIFIED CORNSTARCH.DEXTROSE,ARTFICIAL FLAVOR,"" ""SORBITOL.MODIFIED CORNSTARCH.DEXTROSE,ARTFICIAL FLAVOR,"" 
""Total Sugars 21g"" ""VANILLA EXTRACT""   
""Includes 21g Added Sugars 42%"" ""Includes 21g Added Sugars 42%"" CONTAINS:MILK.SOY  
""Protein 2g""    
""Vit. D 0mcg 0%  Calcium 45mg 2%"" ""PHILADELPHIA,PA 19114""   
""Iron 0.6mg 2%Potas. 75mg 2%"" ""MOLDED AND PACKED IN CHINA""   
 ""MARSHMALLOWS MADE IN CHINA""   
"" The % Daily Value (DV) tells you how much"" www.frankfordcandy.com   
"" a nutrient in a serving of food contributes to""    
"" general nutrition advice.."" Frankford   
",35 g
89,https://m.media-amazon.com/images/I/81lgxfKqUUL.jpg,881883,item_weight,160.0 gram,81lgxfKqUUL,"""ELEGANTJACOUARD WINDOW CURTAIN"" ""ELEGANTJACOUARD WINDOW CURTAIN""  
""WITH ATTACHED VALANCE"" ""WITH ATTACHED VALANCE""  
Description: Color:Beige Blue Brick
""160GSM JAQUARD+FANCY VALANCE"" ""BURGUNDYGreyLIGHT BROWN"" ""BURGUNDYGreyLIGHT BROWN"" ""BURGUNDYGreyLIGHT BROWN""
""Fabric Content:100%Polyester."" "" Light taupe""  
""Size:54""""x84+18""""""   
""VENICE COLLECTIONS,INC""   
RN#131381   
""MADE IN CHINA""   
WARNING   
""TO AVOID ANY DANGER OF SUFFOCATION KEEP AWAY FROM BABIES AND"" ""TO AVOID ANY DANGER OF SUFFOCATION KEEP AWAY FROM BABIES AND"" ""TO AVOID ANY DANGER OF SUFFOCATION KEEP AWAY FROM BABIES AND"" 
""CHILDREN.DO NOT USE IN CRIBS, BEDS,CARRIAGES OR PLAY PENS"" ""CHILDREN.DO NOT USE IN CRIBS, BEDS,CARRIAGES OR PLAY PENS"" ""CHILDREN.DO NOT USE IN CRIBS, BEDS,CARRIAGES OR PLAY PENS"" 
""THIS BAG IS NOT A TOY""   
",
84,https://m.media-amazon.com/images/I/81njuNSPdjL.jpg,639090,item_weight,190.0 gram,81njuNSPdjL,"   DE 
  S= SN006 
Energie ""520 kJ(124 kcal)"" S= EG 
Fett 5,0g   
""davon gesattigte Fettsauren"" 3,3g  DE 
Kohlenhydrate 17,0g B= BY77727 
002971 ""davon Zucker"" 14,0g B= EG
002971 EiweiB 2,7g ""(siehe Deckel)"" 
002971 Salz 0,10g  
002971 Hauptstr.19   
4 87770Oberschonegg e190g e190g e190g
",5.0 t
23,https://m.media-amazon.com/images/I/81x77l2T5NL.jpg,884560,item_weight,112 gram,81x77l2T5NL," ""or you and theplane""  ""or you and theplane""  
 ""Visit www.knorr.com/uk"" ""Visit www.knorr.com/uk"" ""Visit www.knorr.com/uk"" thir 
""How to use Knorr."" ""How to use Knorr.""    
""Stock Pots:""     
 GLUTEN ""NO ADDED"" AND  
 FREE MSG PRESERVATIVES  
 ""4x28g=112g e""  ""4x28g=112g e""  
""ether: dissolve""     
""the pot into""     
""500ml of boiling"" ""or: add the""    
water. ""pot directly""    
""to dish.""     
 ""Best Before End:""    
",112 g
6,https://m.media-amazon.com/images/I/81xsq6vf2qL.jpg,731432,item_weight,1400 milligram,81xsq6vf2qL,"  ""daily, preferably with a meal. Do not exceed stated dose."" ""daily, preferably with a meal. Do not exceed stated dose."" 
  ""Nutrition Information"" ""Nutrition Information"" 
HIGHSTRENGTH  ""Typically Per Daily Dose""  
  ""Psyllium Husk Powder"" 1400mg 
  ""Ingredients: Psyllium Husk Powder, Capsule Shell (Hy-"" ""Ingredients: Psyllium Husk Powder, Capsule Shell (Hy-"" 
  "" droxypropylmethylcellulose), Anti-Caking Agents (Mag."" "" droxypropylmethylcellulose), Anti-Caking Agents (Mag."" 
  "" nesium Salts of Fatty Acids, Silicon Dioxide).""  
HUSK  ""Notice: Take this product with 220ml of fluids. Taking"" ""May contain Sesame Seeds & Mustard. For allergens"" 
  ""this product without adequate fluid may cause the pos-"" ""this product without adequate fluid may cause the pos-"" 
""PLANTAGO OVATA"" ""PLANTAGO OVATA"" ""sibility of choking. Do not use this product if you have"" ""sibility of choking. Do not use this product if you have"" 
""PLANTAGO OVATA"" ""PLANTAGO OVATA"" ""difficulty swallowing. If you experience chest pain, vom-"" ""difficulty swallowing. If you experience chest pain, vom-"" 
""PLANT SEEDS"" ""PLANT SEEDS"" ""iting or difficulty in swallowing or breathing after taking"" ""iting or difficulty in swallowing or breathing after taking"" 
  ""this product, seek immediate medical attention. Do not"" ""this product, seek immediate medical attention. Do not"" 
  ""take before sleeping. Fibre products can affect the ab-"" ""take before sleeping. Fibre products can affect the ab-"" 
  ""sorption of many medications. Do not take this product"" ""sorption of many medications. Do not take this product"" 
  ""within 1.5 hours of taking medication.""  
  ""Free From: Artificial Colour, Artificial Flavour, Artificial"" ""Free From: Artificial Colour, Artificial Flavour, Artificial"" 
FOOD 365 VEGAN ""Sweetener, Preservatives."" 
SUPPLEMENT 365 CAPSULES ""SUITABLE FOR VEGETARIANS & VEGANS"" 
   ""HU16790 C"" 
   Horbaach. 
",1400 mg
15,https://m.media-amazon.com/images/I/91-iahVGEDL.jpg,281678,item_weight,100 gram,91-iahVGEDL,"""Inpurities added""   
Other ""Does not brew easily""  
brands   
""Added preservatiyes"" ""Added preservatiyes""  
""Processed chemically"" ""Processed chemically""  
   
VS  USDA 
VS  ORGANIC 
""Air-tight packaging"" SSRICH  
""Impurities free""   
""Brews easily"" SPEARMINT  
NO ""added preservative"" ""HIGHIN VITAMIN A"" 
""Mrectly from farm"" ""NET WEIGHT100 g (3.53 oz""  
",3.53 oz
39,https://m.media-amazon.com/images/I/915JHkwtcrL.jpg,487566,item_weight,31.0 ounce,915JHkwtcrL,"   ""31 0Z"" 
CARDEN    
warm soft and ventilate 
""Particularly smooth"" ""Particularly smooth"" ""Particularly smooth""  
""Comfortable to skin"" ""Comfortable to skin"" ""Comfortable to skin""  
",
57,https://m.media-amazon.com/images/I/915w0BdW-gL.jpg,993359,item_weight,500 gram,915w0BdW-gL,"MIILOr MIILOr
FENNEL FENNEL
""H9 qla"" ""H9 qla""
""Net Wt.500g"" 
902929001101 
505050507 
",500 g
8,https://m.media-amazon.com/images/I/91Cma3RzseL.jpg,731432,item_weight,1400 milligram,91Cma3RzseL,"    100% 
    HIGHEST 
    QUALITY 
 Horbaach    
TO     
     
PSYLLIUM PSYLLIUM PSYLLIUM PSYLLIUM  
GMP HUSK HUSK HUSK  
  ""PLANTAGO OVATA"" ""PLANTAGO OVATA""  
1400MG 1400MG ""PLANT SEEDS""   
FOOD  365 CAPSULES  
SUPPLEMENT SUPPLEMENT    
    Horbaach 
",1400 MG
12,https://m.media-amazon.com/images/I/91LPf6OjV9L.jpg,281678,item_weight,3.53 ounce,91LPf6OjV9L,"     R. 
 ""Helps in""    ""Helps in"" 
 osteoarthritis    ""Helps in"" 
     digestion 
Reduces Reduces     
      
      
Anti-bacterial      
properties  PREA    
      
     SED 
     SUP 
      
      
     100gl 
      
",
47,https://m.media-amazon.com/images/I/91cErO-KbLL.jpg,237000,item_weight,200.0 gram,91cErO-KbLL,"""KNTTED MATERIAL"" 
""Super soft and comfortable creating a"" 
""custom upholstered look"" 
200GSM 
Microfiber 
",
19,https://m.media-amazon.com/images/I/91prZeizZnL.jpg,731432,item_weight,200 gram,91prZeizZnL,"FREE ""Regular 200gpack""    
Glucon-D Glucon-D    
""Instant Energy"" ""Instant Energy""    
     
 Glucon-D Glucon-D Glucon-D  
  ""Instant Energy""  INSTANTENERGY 
     
Minerals     
Vitamin     
 Minerals Minerals   
     
",
